FullName,Name,LastWriteTime,LastAccessTime,Extension,Directory,Relevance,Open,Type
C:\Users\GiladHecht\Workspace\workspacesManager\.gitignore,.gitignore,2021-07-18T00:20:34,2021-07-18T22:22:43,.gitignore,C:\Users\GiladHecht\Workspace\workspacesManager,70.36998054533633,True,gitignore
C:\Users\GiladHecht\Workspace\workspacesManager\.ipynb_checkpoints,.ipynb_checkpoints,2021-04-22T16:41:07,2021-07-18T22:16:04,.ipynb_checkpoints,C:\Users\GiladHecht\Workspace\workspacesManager\.ipynb_checkpoints,3347810.397459428,True,dir
C:\Users\GiladHecht\Workspace\workspacesManager\jupyter\.ipynb_checkpoints,.ipynb_checkpoints,2021-04-22T16:41:10,2021-07-18T22:16:04,.ipynb_checkpoints,C:\Users\GiladHecht\Workspace\workspacesManager\jupyter\.ipynb_checkpoints,3347810.397459428,True,dir
C:\Users\GiladHecht\Workspace\workspacesManager\.rarian,.rarian,2021-07-17T23:31:30,2021-07-18T22:15:25,.rarian,C:\Users\GiladHecht\Workspace\workspacesManager\.rarian,113.33155736806941,True,dir
C:\Users\GiladHecht\Workspace\workspacesManager\.vscode\.ropeproject,.ropeproject,2021-04-22T16:41:08,2021-07-18T22:16:04,.ropeproject,C:\Users\GiladHecht\Workspace\workspacesManager\.vscode\.ropeproject,3347810.397459428,True,dir
C:\Users\GiladHecht\Workspace\workspacesManager\.vscode,.vscode,2021-04-22T16:41:07,2021-07-18T22:16:04,.vscode,C:\Users\GiladHecht\Workspace\workspacesManager\.vscode,3347810.397459428,True,dir
C:\Users\GiladHecht\Workspace\workspacesManager\LICENSE,LICENSE,2020-06-11T19:23:48,2021-06-26T13:02:30,,C:\Users\GiladHecht\Workspace\workspacesManager,0.05532686267122061,False,
C:\Users\GiladHecht\Workspace\workspacesManager\.ipynb_checkpoints\README-checkpoint.md,README-checkpoint.md,2020-06-11T19:23:48,2021-05-29T23:14:28,.md,C:\Users\GiladHecht\Workspace\workspacesManager\.ipynb_checkpoints,0.05532686267122061,False,md
C:\Users\GiladHecht\Workspace\workspacesManager\README.md,README.md,2021-06-07T00:25:08,2021-07-18T00:08:34,.md,C:\Users\GiladHecht\Workspace\workspacesManager,0.3722114658169817,True,md
C:\Users\GiladHecht\Workspace\workspacesManager\src\ui\__pycache__,__pycache__,2021-07-18T21:15:06,2021-07-18T22:15:25,,C:\Users\GiladHecht\Workspace\workspacesManager\src\ui\__pycache__,113.33155736806941,True,dir
C:\Users\GiladHecht\Workspace\workspacesManager\src\__pycache__,__pycache__,2021-07-17T23:28:11,2021-07-18T22:16:04,,C:\Users\GiladHecht\Workspace\workspacesManager\src\__pycache__,1173387.1209299087,True,dir
C:\Users\GiladHecht\Workspace\workspacesManager\src\gatherer\__pycache__,__pycache__,2021-07-17T23:08:48,2021-07-18T22:16:04,,C:\Users\GiladHecht\Workspace\workspacesManager\src\gatherer\__pycache__,7176328.9059957145,True,dir
C:\Users\GiladHecht\Workspace\workspacesManager\src\project\__pycache__,__pycache__,2021-07-17T23:22:53,2021-07-18T22:16:04,,C:\Users\GiladHecht\Workspace\workspacesManager\src\project\__pycache__,1173387.1209299087,True,dir
C:\Users\GiladHecht\Workspace\workspacesManager\src\__pycache__\app.cpython-37.pyc,app.cpython-37.pyc,2020-07-27T22:35:40,2021-05-29T23:14:29,.pyc,C:\Users\GiladHecht\Workspace\workspacesManager\src\__pycache__,0.05532686267122061,False,pyc
C:\Users\GiladHecht\Workspace\workspacesManager\src\__pycache__\app.cpython-38.pyc,app.cpython-38.pyc,2020-08-09T00:47:46,2021-05-29T23:14:29,.pyc,C:\Users\GiladHecht\Workspace\workspacesManager\src\__pycache__,0.05532686267122061,False,pyc
he__   C:\Users\GiladHecht\Workspace\workspacesManager\src\gatherer\__pycache__\appsGatherer.cpython-38.pyc,appsGatherer.cpython-38.pyc,2021-06-23T22:07:44,2021-06-23T22:18:47,.pyc,C:\Users\GiladHecht\Workspace\workspacesManager\src\gatherer\__pycac,0.05532686267122061,False,pyc
C:\Users\GiladHecht\Workspace\workspacesManager\src\gatherer\appsGatherer.py,appsGatherer.py,2021-06-21T23:05:57,2021-06-26T13:02:30,.py,C:\Users\GiladHecht\Workspace\workspacesManager\src\gatherer,0.05532686267122061,False,py
C:\Users\GiladHecht\Workspace\workspacesManager\src\__pycache__\appsHandler.cpython-38.pyc,appsHandler.cpython-38.pyc,2020-09-06T22:02:30,2021-05-29T23:14:29,.pyc,C:\Users\GiladHecht\Workspace\workspacesManager\src\__pycache__,0.05532686267122061,False,pyc
he__   C:\Users\GiladHecht\Workspace\workspacesManager\src\gatherer\__pycache__\appsHandler.cpython-38.pyc,appsHandler.cpython-38.pyc,2021-06-20T18:54:29,2021-06-20T18:54:29,.pyc,C:\Users\GiladHecht\Workspace\workspacesManager\src\gatherer\__pycac,0.05532686267122061,False,pyc
C:\Users\GiladHecht\Workspace\workspacesManager\src\ui\__pycache__\cliClient.cpython-38.pyc,cliClient.cpython-38.pyc,2021-06-20T19:07:50,2021-06-20T19:07:50,.pyc,C:\Users\GiladHecht\Workspace\workspacesManager\src\ui\__pycache__,0.05532686267122061,False,pyc
C:\Users\GiladHecht\Workspace\workspacesManager\.vscode\.ropeproject\config.py,config.py,2020-07-06T22:39:11,2021-06-23T22:19:17,.py,C:\Users\GiladHecht\Workspace\workspacesManager\.vscode\.ropeproject,0.05532686267122061,False,py
C:\Users\GiladHecht\Workspace\workspacesManager\src\cpp,cpp,2021-04-30T15:19:41,2021-07-18T22:15:25,,C:\Users\GiladHecht\Workspace\workspacesManager\src\cpp,355.6829756219339,True,dir
C:\Users\GiladHecht\Workspace\workspacesManager\.rarian\data.json,data.json,2021-07-18T23:04:43,2021-07-18T23:04:43,.json,C:\Users\GiladHecht\Workspace\workspacesManager\.rarian,93.66244410584252,True,json
C:\Users\GiladHecht\Workspace\workspacesManager\src\executor,executor,2021-07-17T16:00:41,2021-07-18T22:15:25,,C:\Users\GiladHecht\Workspace\workspacesManager\src\executor,113.33155736806941,True,dir
C:\Users\GiladHecht\Workspace\workspacesManager\src\executor\executor.py,executor.py,2021-06-26T13:22:23,2021-06-26T13:22:23,.py,C:\Users\GiladHecht\Workspace\workspacesManager\src\executor,0.05532686267122061,False,py
he__   C:\Users\GiladHecht\Workspace\workspacesManager\src\gatherer\__pycache__\explorer.cpython-38.pyc,explorer.cpython-38.pyc,2021-06-23T22:07:44,2021-06-23T22:18:47,.pyc,C:\Users\GiladHecht\Workspace\workspacesManager\src\gatherer\__pycac,0.05532686267122061,False,pyc
C:\Users\GiladHecht\Workspace\workspacesManager\src\gatherer\explorer.py,explorer.py,2021-06-21T23:05:57,2021-06-26T13:02:30,.py,C:\Users\GiladHecht\Workspace\workspacesManager\src\gatherer,0.05532686267122061,False,py
C:\Users\GiladHecht\Workspace\workspacesManager\.rarian\files.csv,files.csv,2021-07-18T23:04:43,2021-07-18T23:04:43,.csv,C:\Users\GiladHecht\Workspace\workspacesManager\.rarian,93.66244410584252,True,csv
he__   C:\Users\GiladHecht\Workspace\workspacesManager\src\gatherer\__pycache__\filesGatherer.cpython-38.pyc,filesGatherer.cpython-38.pyc,2021-06-23T22:07:44,2021-06-23T22:18:47,.pyc,C:\Users\GiladHecht\Workspace\workspacesManager\src\gatherer\__pycac,0.05532686267122061,False,pyc
C:\Users\GiladHecht\Workspace\workspacesManager\src\gatherer\filesGatherer.py,filesGatherer.py,2021-06-21T23:05:57,2021-06-26T13:02:30,.py,C:\Users\GiladHecht\Workspace\workspacesManager\src\gatherer,0.05532686267122061,False,py
C:\Users\GiladHecht\Workspace\workspacesManager\src\gatherer,gatherer,2021-07-17T16:00:41,2021-07-18T22:15:25,,C:\Users\GiladHecht\Workspace\workspacesManager\src\gatherer,113.33155736806941,True,dir
C:\Users\GiladHecht\Workspace\workspacesManager\src\__pycache__\gatherer.cpython-38.pyc,gatherer.cpython-38.pyc,2021-06-21T22:26:17,2021-06-21T22:26:17,.pyc,C:\Users\GiladHecht\Workspace\workspacesManager\src\__pycache__,0.05532686267122061,False,pyc
he__   C:\Users\GiladHecht\Workspace\workspacesManager\src\gatherer\__pycache__\gatherer.cpython-38.pyc,gatherer.cpython-38.pyc,2021-06-23T22:07:44,2021-06-23T22:18:46,.pyc,C:\Users\GiladHecht\Workspace\workspacesManager\src\gatherer\__pycac,0.05532686267122061,False,pyc
C:\Users\GiladHecht\Workspace\workspacesManager\src\gatherer\gatherer.py,gatherer.py,2021-06-24T16:36:58,2021-06-26T13:02:30,.py,C:\Users\GiladHecht\Workspace\workspacesManager\src\gatherer,0.05532686267122061,False,py
C:\Users\GiladHecht\Workspace\workspacesManager\powershellScripts\getChildItems.ps1,getChildItems.ps1,2021-06-12T11:24:43,2021-06-26T13:02:30,.ps1,C:\Users\GiladHecht\Workspace\workspacesManager\powershellScripts,0.05532686267122061,False,ps1
C:\Users\GiladHecht\Workspace\workspacesManager\powershellScripts\getLinksInStartDir.ps1,getLinksInStartDir.ps1,2020-09-05T20:23:37,2021-06-26T13:02:30,.ps1,C:\Users\GiladHecht\Workspace\workspacesManager\powershellScripts,0.05532686267122061,False,ps1
C:\Users\GiladHecht\Workspace\workspacesManager\powershellScripts\getProcessData.ps1,getProcessData.ps1,2021-05-08T11:36:01,2021-06-26T13:02:30,.ps1,C:\Users\GiladHecht\Workspace\workspacesManager\powershellScripts,0.05532686267122061,False,ps1
C:\Users\GiladHecht\Workspace\workspacesManager\powershellScripts\getStartApps.ps1,getStartApps.ps1,2020-09-05T20:23:37,2021-06-26T13:02:30,.ps1,C:\Users\GiladHecht\Workspace\workspacesManager\powershellScripts,0.05532686267122061,False,ps1
C:\Users\GiladHecht\Workspace\workspacesManager\src\__pycache__\handlersManager.cpython-38.pyc,handlersManager.cpython-38.pyc,2021-06-21T22:26:01,2021-06-21T22:26:01,.pyc,C:\Users\GiladHecht\Workspace\workspacesManager\src\__pycache__,0.05532686267122061,False,pyc
C:\Users\GiladHecht\Workspace\workspacesManager\jupyter,jupyter,2021-05-28T15:52:49,2021-07-18T22:15:25,,C:\Users\GiladHecht\Workspace\workspacesManager\jupyter,355.6829756219339,True,dir
C:\Users\GiladHecht\Workspace\workspacesManager\.vscode\launch.json,launch.json,2021-05-29T18:54:01,2021-07-18T23:03:26,.json,C:\Users\GiladHecht\Workspace\workspacesManager\.vscode,24.664248887764646,True,json
C:\Users\GiladHecht\Workspace\workspacesManager\logs\log-2020-09-19T10-01-04.csv,log-2020-09-19T10-01-04.csv,2020-09-19T10:27:02,2021-05-29T23:14:28,.csv,C:\Users\GiladHecht\Workspace\workspacesManager\logs,0.05532686267122061,False,csv
C:\Users\GiladHecht\Workspace\workspacesManager\logs\log-2020-09-19T15-07-31.csv,log-2020-09-19T15-07-31.csv,2020-09-22T02:03:09,2021-05-29T23:14:28,.csv,C:\Users\GiladHecht\Workspace\workspacesManager\logs,0.05532686267122061,False,csv
C:\Users\GiladHecht\Workspace\workspacesManager\logs\log-2020-10-11T17-01-39.csv,log-2020-10-11T17-01-39.csv,2020-10-11T17:34:21,2021-05-29T23:14:28,.csv,C:\Users\GiladHecht\Workspace\workspacesManager\logs,0.05532686267122061,False,csv
C:\Users\GiladHecht\Workspace\workspacesManager\logs\log-2020-10-11T17-34-39.csv,log-2020-10-11T17-34-39.csv,2020-10-12T10:31:26,2021-05-29T23:14:28,.csv,C:\Users\GiladHecht\Workspace\workspacesManager\logs,0.05532686267122061,False,csv
C:\Users\GiladHecht\Workspace\workspacesManager\logs\log-2020-10-12T14-05-07.csv,log-2020-10-12T14-05-07.csv,2020-10-12T23:09:37,2021-05-29T23:14:28,.csv,C:\Users\GiladHecht\Workspace\workspacesManager\logs,0.05532686267122061,False,csv
C:\Users\GiladHecht\Workspace\workspacesManager\logs\log-2020-10-12T23-10-38.csv,log-2020-10-12T23-10-38.csv,2020-10-12T23:10:40,2021-05-29T23:14:28,.csv,C:\Users\GiladHecht\Workspace\workspacesManager\logs,0.05532686267122061,False,csv
C:\Users\GiladHecht\Workspace\workspacesManager\logs\log-2020-10-12T23-13-01.csv,log-2020-10-12T23-13-01.csv,2020-10-13T02:27:48,2021-06-07T00:10:25,.csv,C:\Users\GiladHecht\Workspace\workspacesManager\logs,0.05532686267122061,False,csv
C:\Users\GiladHecht\Workspace\workspacesManager\logs\log-2020-10-13T09-55-32.csv,log-2020-10-13T09-55-32.csv,2020-10-13T11:24:12,2021-05-29T23:14:28,.csv,C:\Users\GiladHecht\Workspace\workspacesManager\logs,0.05532686267122061,False,csv
C:\Users\GiladHecht\Workspace\workspacesManager\logs\log-2020-10-13T19-44-07.csv,log-2020-10-13T19-44-07.csv,2020-10-14T01:36:59,2021-05-29T23:14:28,.csv,C:\Users\GiladHecht\Workspace\workspacesManager\logs,0.05532686267122061,False,csv
C:\Users\GiladHecht\Workspace\workspacesManager\logs\log-2020-10-14T19-06-16.csv,log-2020-10-14T19-06-16.csv,2020-10-15T01:24:07,2021-05-29T23:14:28,.csv,C:\Users\GiladHecht\Workspace\workspacesManager\logs,0.05532686267122061,False,csv
C:\Users\GiladHecht\Workspace\workspacesManager\logs\log-2020-10-15T19-10-20.csv,log-2020-10-15T19-10-20.csv,2020-10-15T19:24:55,2021-05-29T23:14:28,.csv,C:\Users\GiladHecht\Workspace\workspacesManager\logs,0.05532686267122061,False,csv
C:\Users\GiladHecht\Workspace\workspacesManager\logs\log-2020-10-15T19-25-34.csv,log-2020-10-15T19-25-34.csv,2020-10-16T01:12:25,2021-05-29T23:14:28,.csv,C:\Users\GiladHecht\Workspace\workspacesManager\logs,0.05532686267122061,False,csv
C:\Users\GiladHecht\Workspace\workspacesManager\logs\log-2020-10-16T09-41-16.csv,log-2020-10-16T09-41-16.csv,2020-10-17T02:01:27,2021-05-29T23:14:28,.csv,C:\Users\GiladHecht\Workspace\workspacesManager\logs,0.05532686267122061,False,csv
C:\Users\GiladHecht\Workspace\workspacesManager\logs\log-2020-10-17T10-38-59.csv,log-2020-10-17T10-38-59.csv,2020-10-18T00:32:29,2021-05-29T23:14:28,.csv,C:\Users\GiladHecht\Workspace\workspacesManager\logs,0.05532686267122061,False,csv
C:\Users\GiladHecht\Workspace\workspacesManager\logs\log-2020-10-18T21-27-40.csv,log-2020-10-18T21-27-40.csv,2020-10-19T01:02:00,2021-05-29T23:14:28,.csv,C:\Users\GiladHecht\Workspace\workspacesManager\logs,0.05532686267122061,False,csv
C:\Users\GiladHecht\Workspace\workspacesManager\logs\log-2020-10-20T00-03-19.csv,log-2020-10-20T00-03-19.csv,2020-10-20T00:38:59,2021-05-29T23:14:28,.csv,C:\Users\GiladHecht\Workspace\workspacesManager\logs,0.05532686267122061,False,csv
C:\Users\GiladHecht\Workspace\workspacesManager\logs\log-2020-10-20T19-56-31.csv,log-2020-10-20T19-56-31.csv,2020-10-21T00:12:48,2021-05-29T23:14:28,.csv,C:\Users\GiladHecht\Workspace\workspacesManager\logs,0.05532686267122061,False,csv
C:\Users\GiladHecht\Workspace\workspacesManager\logs\log-2020-10-21T18-45-57 [conflicted 2].csv,log-2020-10-21T18-45-57 [conflicted 2].csv,2020-10-22T00:22:47,2021-05-29T23:14:28,.csv,C:\Users\GiladHecht\Workspace\workspacesManager\logs,0.05532686267122061,False,csv
C:\Users\GiladHecht\Workspace\workspacesManager\logs\log-2020-10-21T18-45-57 [conflicted 3].csv,log-2020-10-21T18-45-57 [conflicted 3].csv,2020-10-22T00:23:50,2021-05-29T23:14:28,.csv,C:\Users\GiladHecht\Workspace\workspacesManager\logs,0.05532686267122061,False,csv
C:\Users\GiladHecht\Workspace\workspacesManager\logs\log-2020-10-21T18-45-57 [conflicted 4].csv,log-2020-10-21T18-45-57 [conflicted 4].csv,2020-10-22T00:24:52,2021-05-29T23:14:28,.csv,C:\Users\GiladHecht\Workspace\workspacesManager\logs,0.05532686267122061,False,csv
C:\Users\GiladHecht\Workspace\workspacesManager\logs\log-2020-10-21T18-45-57 [conflicted].csv,log-2020-10-21T18-45-57 [conflicted].csv,2020-10-22T00:21:44,2021-05-29T23:14:28,.csv,C:\Users\GiladHecht\Workspace\workspacesManager\logs,0.05532686267122061,False,csv
C:\Users\GiladHecht\Workspace\workspacesManager\logs\log-2020-10-21T18-45-57.csv,log-2020-10-21T18-45-57.csv,2020-10-22T17:13:30,2021-05-29T23:14:28,.csv,C:\Users\GiladHecht\Workspace\workspacesManager\logs,0.05532686267122061,False,csv
C:\Users\GiladHecht\Workspace\workspacesManager\logs\log-2020-10-24T08-30-25.csv,log-2020-10-24T08-30-25.csv,2020-10-25T22:35:50,2021-05-29T23:14:28,.csv,C:\Users\GiladHecht\Workspace\workspacesManager\logs,0.05532686267122061,False,csv
C:\Users\GiladHecht\Workspace\workspacesManager\logs\log-2020-10-26T21-52-46.csv,log-2020-10-26T21-52-46.csv,2020-10-26T23:50:14,2021-05-29T23:14:28,.csv,C:\Users\GiladHecht\Workspace\workspacesManager\logs,0.05532686267122061,False,csv
C:\Users\GiladHecht\Workspace\workspacesManager\logs\log-2020-10-27T18-34-46.csv,log-2020-10-27T18-34-46.csv,2020-10-28T00:19:46,2021-05-29T23:14:28,.csv,C:\Users\GiladHecht\Workspace\workspacesManager\logs,0.05532686267122061,False,csv
C:\Users\GiladHecht\Workspace\workspacesManager\logs\log-2020-11-08T19-47-38.csv,log-2020-11-08T19-47-38.csv,2020-11-12T11:53:24,2021-05-29T23:14:28,.csv,C:\Users\GiladHecht\Workspace\workspacesManager\logs,0.05532686267122061,False,csv
C:\Users\GiladHecht\Workspace\workspacesManager\logs\log-2020-11-12T12-02-36.csv,log-2020-11-12T12-02-36.csv,2020-11-12T18:26:40,2021-05-29T23:14:28,.csv,C:\Users\GiladHecht\Workspace\workspacesManager\logs,0.05532686267122061,False,csv
C:\Users\GiladHecht\Workspace\workspacesManager\logs\log-2020-11-12T19-13-08.csv,log-2020-11-12T19-13-08.csv,2020-11-14T20:01:28,2021-05-29T23:14:28,.csv,C:\Users\GiladHecht\Workspace\workspacesManager\logs,0.05532686267122061,False,csv
C:\Users\GiladHecht\Workspace\workspacesManager\logs\log-2020-11-15T18-49-31 (conflicted).csv,log-2020-11-15T18-49-31 (conflicted).csv,2020-11-18T14:06:27,2021-05-29T23:14:28,.csv,C:\Users\GiladHecht\Workspace\workspacesManager\logs,0.05532686267122061,False,csv
C:\Users\GiladHecht\Workspace\workspacesManager\logs\log-2020-11-15T18-49-31.csv,log-2020-11-15T18-49-31.csv,2020-11-18T23:49:58,2021-05-29T23:14:28,.csv,C:\Users\GiladHecht\Workspace\workspacesManager\logs,0.05532686267122061,False,csv
C:\Users\GiladHecht\Workspace\workspacesManager\logs\log-2020-11-19T12-47-48.csv,log-2020-11-19T12-47-48.csv,2020-11-19T15:13:20,2021-05-29T23:14:28,.csv,C:\Users\GiladHecht\Workspace\workspacesManager\logs,0.05532686267122061,False,csv
C:\Users\GiladHecht\Workspace\workspacesManager\logs\log-2020-11-22T19-01-19.csv,log-2020-11-22T19-01-19.csv,2020-11-22T22:58:17,2021-05-29T23:14:28,.csv,C:\Users\GiladHecht\Workspace\workspacesManager\logs,0.05532686267122061,False,csv
C:\Users\GiladHecht\Workspace\workspacesManager\logs\log-2020-11-23T21-49-44.csv,log-2020-11-23T21-49-44.csv,2020-11-24T18:05:31,2021-05-29T23:14:28,.csv,C:\Users\GiladHecht\Workspace\workspacesManager\logs,0.05532686267122061,False,csv
C:\Users\GiladHecht\Workspace\workspacesManager\logs\log-2020-11-24T18-07-12.csv,log-2020-11-24T18-07-12.csv,2020-11-24T20:51:20,2021-05-29T23:14:28,.csv,C:\Users\GiladHecht\Workspace\workspacesManager\logs,0.05532686267122061,False,csv
C:\Users\GiladHecht\Workspace\workspacesManager\logs\log-2020-11-24T20-54-08.csv,log-2020-11-24T20-54-08.csv,2020-11-24T20:55:43,2021-05-29T23:14:28,.csv,C:\Users\GiladHecht\Workspace\workspacesManager\logs,0.05532686267122061,False,csv
C:\Users\GiladHecht\Workspace\workspacesManager\logs\log-2020-11-24T20-57-15.csv,log-2020-11-24T20-57-15.csv,2020-11-24T20:57:16,2021-05-29T23:14:28,.csv,C:\Users\GiladHecht\Workspace\workspacesManager\logs,0.05532686267122061,False,csv
C:\Users\GiladHecht\Workspace\workspacesManager\logs\log-2020-11-24T21-17-55.csv,log-2020-11-24T21-17-55.csv,2020-11-24T22:07:33,2021-05-29T23:14:28,.csv,C:\Users\GiladHecht\Workspace\workspacesManager\logs,0.05532686267122061,False,csv
C:\Users\GiladHecht\Workspace\workspacesManager\logs\log-2020-11-24T22-09-26.csv,log-2020-11-24T22-09-26.csv,2020-11-24T22:21:27,2021-05-29T23:14:28,.csv,C:\Users\GiladHecht\Workspace\workspacesManager\logs,0.05532686267122061,False,csv
C:\Users\GiladHecht\Workspace\workspacesManager\logs\log-2020-11-24T22-32-30.csv,log-2020-11-24T22-32-30.csv,2020-11-24T22:33:34,2021-05-29T23:14:28,.csv,C:\Users\GiladHecht\Workspace\workspacesManager\logs,0.05532686267122061,False,csv
C:\Users\GiladHecht\Workspace\workspacesManager\logs\log-2020-11-24T22-35-22.csv,log-2020-11-24T22-35-22.csv,2020-11-25T08:32:01,2021-05-29T23:14:28,.csv,C:\Users\GiladHecht\Workspace\workspacesManager\logs,0.05532686267122061,False,csv
C:\Users\GiladHecht\Workspace\workspacesManager\logs\log-2020-11-25T08-33-55 (conflicted 1).csv,log-2020-11-25T08-33-55 (conflicted 1).csv,2020-11-25T20:16:31,2021-05-29T23:14:28,.csv,C:\Users\GiladHecht\Workspace\workspacesManager\logs,0.05532686267122061,False,csv
C:\Users\GiladHecht\Workspace\workspacesManager\logs\log-2020-11-25T08-33-55 (conflicted 2).csv,log-2020-11-25T08-33-55 (conflicted 2).csv,2020-11-25T20:17:35,2021-05-29T23:14:28,.csv,C:\Users\GiladHecht\Workspace\workspacesManager\logs,0.05532686267122061,False,csv
C:\Users\GiladHecht\Workspace\workspacesManager\logs\log-2020-11-25T08-33-55 (conflicted 3).csv,log-2020-11-25T08-33-55 (conflicted 3).csv,2020-11-25T20:18:06,2021-05-29T23:14:28,.csv,C:\Users\GiladHecht\Workspace\workspacesManager\logs,0.05532686267122061,False,csv
C:\Users\GiladHecht\Workspace\workspacesManager\logs\log-2020-11-25T08-33-55 (conflicted 4).csv,log-2020-11-25T08-33-55 (conflicted 4).csv,2020-11-25T20:18:38,2021-05-29T23:14:28,.csv,C:\Users\GiladHecht\Workspace\workspacesManager\logs,0.05532686267122061,False,csv
C:\Users\GiladHecht\Workspace\workspacesManager\logs\log-2020-11-25T08-33-55 (conflicted 5).csv,log-2020-11-25T08-33-55 (conflicted 5).csv,2020-11-25T20:19:09,2021-05-29T23:14:28,.csv,C:\Users\GiladHecht\Workspace\workspacesManager\logs,0.05532686267122061,False,csv
C:\Users\GiladHecht\Workspace\workspacesManager\logs\log-2020-11-25T08-33-55 (conflicted 6).csv,log-2020-11-25T08-33-55 (conflicted 6).csv,2020-11-25T20:19:41,2021-05-29T23:14:28,.csv,C:\Users\GiladHecht\Workspace\workspacesManager\logs,0.05532686267122061,False,csv
C:\Users\GiladHecht\Workspace\workspacesManager\logs\log-2020-11-25T08-33-55 (conflicted 7).csv,log-2020-11-25T08-33-55 (conflicted 7).csv,2020-11-26T00:29:39,2021-05-29T23:14:28,.csv,C:\Users\GiladHecht\Workspace\workspacesManager\logs,0.05532686267122061,False,csv
C:\Users\GiladHecht\Workspace\workspacesManager\logs\log-2020-11-25T08-33-55 (conflicted).csv,log-2020-11-25T08-33-55 (conflicted).csv,2020-11-25T20:15:28,2021-05-29T23:14:28,.csv,C:\Users\GiladHecht\Workspace\workspacesManager\logs,0.05532686267122061,False,csv
C:\Users\GiladHecht\Workspace\workspacesManager\logs\log-2020-11-25T08-33-55.csv,log-2020-11-25T08-33-55.csv,2020-11-26T00:33:21,2021-05-29T23:14:28,.csv,C:\Users\GiladHecht\Workspace\workspacesManager\logs,0.05532686267122061,False,csv
C:\Users\GiladHecht\Workspace\workspacesManager\logs\log-2020-11-26T18-31-54 (conflicted).csv,log-2020-11-26T18-31-54 (conflicted).csv,2020-11-28T19:05:09,2021-05-29T23:14:28,.csv,C:\Users\GiladHecht\Workspace\workspacesManager\logs,0.05532686267122061,False,csv
C:\Users\GiladHecht\Workspace\workspacesManager\logs\log-2020-11-26T18-31-54.csv,log-2020-11-26T18-31-54.csv,2020-11-30T23:25:40,2021-05-29T23:14:28,.csv,C:\Users\GiladHecht\Workspace\workspacesManager\logs,0.05532686267122061,False,csv
C:\Users\GiladHecht\Workspace\workspacesManager\logs\log-2020-11-30T23-27-42.csv,log-2020-11-30T23-27-42.csv,2020-11-30T23:59:39,2021-05-29T23:14:28,.csv,C:\Users\GiladHecht\Workspace\workspacesManager\logs,0.05532686267122061,False,csv
C:\Users\GiladHecht\Workspace\workspacesManager\logs\log-2020-12-01T18-43-15 (conflicted).csv,log-2020-12-01T18-43-15 (conflicted).csv,2020-12-02T19:19:34,2021-05-29T23:14:28,.csv,C:\Users\GiladHecht\Workspace\workspacesManager\logs,0.05532686267122061,False,csv
C:\Users\GiladHecht\Workspace\workspacesManager\logs\log-2020-12-01T18-43-15 [conflicted 2].csv,log-2020-12-01T18-43-15 [conflicted 2].csv,2020-12-02T19:18:30,2021-05-29T23:14:28,.csv,C:\Users\GiladHecht\Workspace\workspacesManager\logs,0.05532686267122061,False,csv
C:\Users\GiladHecht\Workspace\workspacesManager\logs\log-2020-12-01T18-43-15.csv,log-2020-12-01T18-43-15.csv,2020-12-02T23:22:16,2021-05-29T23:14:28,.csv,C:\Users\GiladHecht\Workspace\workspacesManager\logs,0.05532686267122061,False,csv
C:\Users\GiladHecht\Workspace\workspacesManager\logs\log-2020-12-03T14-13-03.csv,log-2020-12-03T14-13-03.csv,2020-12-03T18:37:58,2021-05-29T23:14:28,.csv,C:\Users\GiladHecht\Workspace\workspacesManager\logs,0.05532686267122061,False,csv
C:\Users\GiladHecht\Workspace\workspacesManager\logs\log-2020-12-03T19-35-32 (conflicted 1).csv,log-2020-12-03T19-35-32 (conflicted 1).csv,2020-12-04T01:33:46,2021-05-29T23:14:28,.csv,C:\Users\GiladHecht\Workspace\workspacesManager\logs,0.05532686267122061,False,csv
C:\Users\GiladHecht\Workspace\workspacesManager\logs\log-2020-12-03T19-35-32 (conflicted 2).csv,log-2020-12-03T19-35-32 (conflicted 2).csv,2020-12-04T10:04:38,2021-05-29T23:14:28,.csv,C:\Users\GiladHecht\Workspace\workspacesManager\logs,0.05532686267122061,False,csv
C:\Users\GiladHecht\Workspace\workspacesManager\logs\log-2020-12-03T19-35-32 (conflicted).csv,log-2020-12-03T19-35-32 (conflicted).csv,2020-12-03T23:39:43,2021-05-29T23:14:28,.csv,C:\Users\GiladHecht\Workspace\workspacesManager\logs,0.05532686267122061,False,csv
C:\Users\GiladHecht\Workspace\workspacesManager\logs\log-2020-12-03T19-35-32 [conflicted].csv,log-2020-12-03T19-35-32 [conflicted].csv,2020-12-03T20:41:33,2021-05-29T23:14:28,.csv,C:\Users\GiladHecht\Workspace\workspacesManager\logs,0.05532686267122061,False,csv
C:\Users\GiladHecht\Workspace\workspacesManager\logs\log-2020-12-03T19-35-32.csv,log-2020-12-03T19-35-32.csv,2020-12-04T13:59:07,2021-05-29T23:14:28,.csv,C:\Users\GiladHecht\Workspace\workspacesManager\logs,0.05532686267122061,False,csv
C:\Users\GiladHecht\Workspace\workspacesManager\logs\log-2020-12-04T16-03-26.csv,log-2020-12-04T16-03-26.csv,2020-12-05T14:38:16,2021-05-29T23:14:28,.csv,C:\Users\GiladHecht\Workspace\workspacesManager\logs,0.05532686267122061,False,csv
C:\Users\GiladHecht\Workspace\workspacesManager\logs\log-2020-12-07T19-16-23.csv,log-2020-12-07T19-16-23.csv,2020-12-07T23:47:13,2021-05-29T23:14:28,.csv,C:\Users\GiladHecht\Workspace\workspacesManager\logs,0.05532686267122061,False,csv
C:\Users\GiladHecht\Workspace\workspacesManager\logs\log-2020-12-08T19-05-54.csv,log-2020-12-08T19-05-54.csv,2020-12-08T19:32:18,2021-05-29T23:14:28,.csv,C:\Users\GiladHecht\Workspace\workspacesManager\logs,0.05532686267122061,False,csv
C:\Users\GiladHecht\Workspace\workspacesManager\logs\log-2020-12-09T08-36-47.csv,log-2020-12-09T08-36-47.csv,2020-12-09T10:23:28,2021-05-29T23:14:28,.csv,C:\Users\GiladHecht\Workspace\workspacesManager\logs,0.05532686267122061,False,csv
C:\Users\GiladHecht\Workspace\workspacesManager\logs\log-2020-12-10T12-44-49.csv,log-2020-12-10T12-44-49.csv,2020-12-10T14:44:17,2021-05-29T23:14:28,.csv,C:\Users\GiladHecht\Workspace\workspacesManager\logs,0.05532686267122061,False,csv
C:\Users\GiladHecht\Workspace\workspacesManager\logs\log-2020-12-12T21-25-19.csv,log-2020-12-12T21-25-19.csv,2020-12-13T00:00:59,2021-05-29T23:14:28,.csv,C:\Users\GiladHecht\Workspace\workspacesManager\logs,0.05532686267122061,False,csv
C:\Users\GiladHecht\Workspace\workspacesManager\logs\log-2020-12-14T10-36-08.csv,log-2020-12-14T10-36-08.csv,2020-12-14T10:36:11,2021-05-29T23:14:28,.csv,C:\Users\GiladHecht\Workspace\workspacesManager\logs,0.05532686267122061,False,csv
C:\Users\GiladHecht\Workspace\workspacesManager\logs\log-2020-12-15T18-20-23.csv,log-2020-12-15T18-20-23.csv,2020-12-15T19:59:22,2021-05-29T23:14:28,.csv,C:\Users\GiladHecht\Workspace\workspacesManager\logs,0.05532686267122061,False,csv
C:\Users\GiladHecht\Workspace\workspacesManager\logs\log-2020-12-16T18-59-59 (conflicted).csv,log-2020-12-16T18-59-59 (conflicted).csv,2020-12-16T22:58:59,2021-05-29T23:14:28,.csv,C:\Users\GiladHecht\Workspace\workspacesManager\logs,0.05532686267122061,False,csv
C:\Users\GiladHecht\Workspace\workspacesManager\logs\log-2020-12-16T18-59-59.csv,log-2020-12-16T18-59-59.csv,2020-12-16T23:48:42,2021-05-29T23:14:28,.csv,C:\Users\GiladHecht\Workspace\workspacesManager\logs,0.05532686267122061,False,csv
C:\Users\GiladHecht\Workspace\workspacesManager\logs\log-2020-12-17T12-32-08.csv,log-2020-12-17T12-32-08.csv,2020-12-17T14:17:05,2021-05-29T23:14:28,.csv,C:\Users\GiladHecht\Workspace\workspacesManager\logs,0.05532686267122061,False,csv
C:\Users\GiladHecht\Workspace\workspacesManager\logs\log-2020-12-17T14-38-36.csv,log-2020-12-17T14-38-36.csv,2020-12-18T14:24:23,2021-05-29T23:14:28,.csv,C:\Users\GiladHecht\Workspace\workspacesManager\logs,0.05532686267122061,False,csv
C:\Users\GiladHecht\Workspace\workspacesManager\logs\log-2020-12-18T14-25-38.csv,log-2020-12-18T14-25-38.csv,2020-12-18T14:35:00,2021-05-29T23:14:28,.csv,C:\Users\GiladHecht\Workspace\workspacesManager\logs,0.05532686267122061,False,csv
C:\Users\GiladHecht\Workspace\workspacesManager\logs\log-2020-12-18T14-37-56.csv,log-2020-12-18T14-37-56.csv,2020-12-18T15:54:12,2021-05-29T23:14:28,.csv,C:\Users\GiladHecht\Workspace\workspacesManager\logs,0.05532686267122061,False,csv
C:\Users\GiladHecht\Workspace\workspacesManager\logs\log-2020-12-18T16-50-35.csv,log-2020-12-18T16-50-35.csv,2020-12-18T16:52:11,2021-05-29T23:14:28,.csv,C:\Users\GiladHecht\Workspace\workspacesManager\logs,0.05532686267122061,False,csv
C:\Users\GiladHecht\Workspace\workspacesManager\logs\log-2020-12-18T18-51-07.csv,log-2020-12-18T18-51-07.csv,2020-12-18T22:55:57,2021-05-29T23:14:28,.csv,C:\Users\GiladHecht\Workspace\workspacesManager\logs,0.05532686267122061,False,csv
C:\Users\GiladHecht\Workspace\workspacesManager\logs\log-2020-12-21T23-51-03.csv,log-2020-12-21T23-51-03.csv,2020-12-22T00:12:19,2021-05-29T23:14:28,.csv,C:\Users\GiladHecht\Workspace\workspacesManager\logs,0.05532686267122061,False,csv
C:\Users\GiladHecht\Workspace\workspacesManager\logs\log-2020-12-22T19-26-51.csv,log-2020-12-22T19-26-51.csv,2020-12-22T21:25:35,2021-05-29T23:14:28,.csv,C:\Users\GiladHecht\Workspace\workspacesManager\logs,0.05532686267122061,False,csv
C:\Users\GiladHecht\Workspace\workspacesManager\logs\log-2020-12-24T12-56-10.csv,log-2020-12-24T12-56-10.csv,2020-12-24T12:56:11,2021-05-29T23:14:28,.csv,C:\Users\GiladHecht\Workspace\workspacesManager\logs,0.05532686267122061,False,csv
C:\Users\GiladHecht\Workspace\workspacesManager\logs\log-2020-12-24T12-57-33.csv,log-2020-12-24T12-57-33.csv,2020-12-24T13:04:59,2021-05-29T23:14:28,.csv,C:\Users\GiladHecht\Workspace\workspacesManager\logs,0.05532686267122061,False,csv
C:\Users\GiladHecht\Workspace\workspacesManager\logs\log-2020-12-24T13-06-50.csv,log-2020-12-24T13-06-50.csv,2020-12-24T13:06:51,2021-05-29T23:14:28,.csv,C:\Users\GiladHecht\Workspace\workspacesManager\logs,0.05532686267122061,False,csv
C:\Users\GiladHecht\Workspace\workspacesManager\logs\log-2020-12-24T13-08-27 (conflicted 1).csv,log-2020-12-24T13-08-27 (conflicted 1).csv,2020-12-24T18:40:49,2021-05-29T23:14:28,.csv,C:\Users\GiladHecht\Workspace\workspacesManager\logs,0.05532686267122061,False,csv
C:\Users\GiladHecht\Workspace\workspacesManager\logs\log-2020-12-24T13-08-27 (conflicted 2).csv,log-2020-12-24T13-08-27 (conflicted 2).csv,2020-12-24T19:13:24,2021-05-29T23:14:28,.csv,C:\Users\GiladHecht\Workspace\workspacesManager\logs,0.05532686267122061,False,csv
C:\Users\GiladHecht\Workspace\workspacesManager\logs\log-2020-12-24T13-08-27 (conflicted).csv,log-2020-12-24T13-08-27 (conflicted).csv,2020-12-24T18:16:12,2021-05-29T23:14:28,.csv,C:\Users\GiladHecht\Workspace\workspacesManager\logs,0.05532686267122061,False,csv
C:\Users\GiladHecht\Workspace\workspacesManager\logs\log-2020-12-24T13-08-27.csv,log-2020-12-24T13-08-27.csv,2020-12-24T19:56:01,2021-05-29T23:14:28,.csv,C:\Users\GiladHecht\Workspace\workspacesManager\logs,0.05532686267122061,False,csv
C:\Users\GiladHecht\Workspace\workspacesManager\logs\log-2020-12-24T19-16-43.csv,log-2020-12-24T19-16-43.csv,2020-12-24T19:16:44,2021-05-29T23:14:28,.csv,C:\Users\GiladHecht\Workspace\workspacesManager\logs,0.05532686267122061,False,csv
C:\Users\GiladHecht\Workspace\workspacesManager\logs\log-2020-12-24T19-18-20.csv,log-2020-12-24T19-18-20.csv,2020-12-24T20:02:48,2021-05-29T23:14:28,.csv,C:\Users\GiladHecht\Workspace\workspacesManager\logs,0.05532686267122061,False,csv
C:\Users\GiladHecht\Workspace\workspacesManager\logs\log-2020-12-24T20-08-24.csv,log-2020-12-24T20-08-24.csv,2020-12-24T20:08:25,2021-05-29T23:14:28,.csv,C:\Users\GiladHecht\Workspace\workspacesManager\logs,0.05532686267122061,False,csv
C:\Users\GiladHecht\Workspace\workspacesManager\logs\log-2020-12-24T20-09-53.csv,log-2020-12-24T20-09-53.csv,2020-12-24T20:10:25,2021-05-29T23:14:28,.csv,C:\Users\GiladHecht\Workspace\workspacesManager\logs,0.05532686267122061,False,csv
C:\Users\GiladHecht\Workspace\workspacesManager\logs\log-2020-12-24T20-11-49.csv,log-2020-12-24T20-11-49.csv,2020-12-24T20:43:51,2021-05-29T23:14:28,.csv,C:\Users\GiladHecht\Workspace\workspacesManager\logs,0.05532686267122061,False,csv
C:\Users\GiladHecht\Workspace\workspacesManager\logs\log-2020-12-24T20-12-18.csv,log-2020-12-24T20-12-18.csv,2020-12-24T20:15:57,2021-05-29T23:14:28,.csv,C:\Users\GiladHecht\Workspace\workspacesManager\logs,0.05532686267122061,False,csv
C:\Users\GiladHecht\Workspace\workspacesManager\logs\log-2020-12-24T20-48-18.csv,log-2020-12-24T20-48-18.csv,2020-12-24T20:48:19,2021-05-29T23:14:28,.csv,C:\Users\GiladHecht\Workspace\workspacesManager\logs,0.05532686267122061,False,csv
C:\Users\GiladHecht\Workspace\workspacesManager\logs\log-2020-12-25T07-02-25.csv,log-2020-12-25T07-02-25.csv,2020-12-25T07:39:11,2021-05-29T23:14:28,.csv,C:\Users\GiladHecht\Workspace\workspacesManager\logs,0.05532686267122061,False,csv
C:\Users\GiladHecht\Workspace\workspacesManager\logs\log-2020-12-25T10-17-10.csv,log-2020-12-25T10-17-10.csv,2020-12-25T10:48:21,2021-05-29T23:14:28,.csv,C:\Users\GiladHecht\Workspace\workspacesManager\logs,0.05532686267122061,False,csv
C:\Users\GiladHecht\Workspace\workspacesManager\logs\log-2020-12-25T10-56-48.csv,log-2020-12-25T10-56-48.csv,2020-12-25T11:08:42,2021-05-29T23:14:28,.csv,C:\Users\GiladHecht\Workspace\workspacesManager\logs,0.05532686267122061,False,csv
C:\Users\GiladHecht\Workspace\workspacesManager\logs\log-2020-12-25T12-00-45.csv,log-2020-12-25T12-00-45.csv,2020-12-25T12:00:46,2021-05-29T23:14:28,.csv,C:\Users\GiladHecht\Workspace\workspacesManager\logs,0.05532686267122061,False,csv
C:\Users\GiladHecht\Workspace\workspacesManager\logs\log-2020-12-25T15-13-13.csv,log-2020-12-25T15-13-13.csv,2020-12-25T15:21:35,2021-05-29T23:14:28,.csv,C:\Users\GiladHecht\Workspace\workspacesManager\logs,0.05532686267122061,False,csv
C:\Users\GiladHecht\Workspace\workspacesManager\logs\log-2020-12-26T19-21-48.csv,log-2020-12-26T19-21-48.csv,2020-12-26T19:21:50,2021-05-29T23:14:28,.csv,C:\Users\GiladHecht\Workspace\workspacesManager\logs,0.05532686267122061,False,csv
C:\Users\GiladHecht\Workspace\workspacesManager\logs\log-2020-12-26T19-45-15.csv,log-2020-12-26T19-45-15.csv,2020-12-26T22:38:08,2021-05-29T23:14:28,.csv,C:\Users\GiladHecht\Workspace\workspacesManager\logs,0.05532686267122061,False,csv
C:\Users\GiladHecht\Workspace\workspacesManager\logs\log-2020-12-26T22-38-40.csv,log-2020-12-26T22-38-40.csv,2020-12-26T22:46:58,2021-05-29T23:14:28,.csv,C:\Users\GiladHecht\Workspace\workspacesManager\logs,0.05532686267122061,False,csv
C:\Users\GiladHecht\Workspace\workspacesManager\logs\log-2020-12-28T17-39-06.csv,log-2020-12-28T17-39-06.csv,2020-12-29T01:10:50,2021-05-29T23:14:28,.csv,C:\Users\GiladHecht\Workspace\workspacesManager\logs,0.05532686267122061,False,csv
C:\Users\GiladHecht\Workspace\workspacesManager\logs\log-2020-12-29T01-11-57.csv,log-2020-12-29T01-11-57.csv,2020-12-29T05:18:00,2021-05-29T23:14:28,.csv,C:\Users\GiladHecht\Workspace\workspacesManager\logs,0.05532686267122061,False,csv
C:\Users\GiladHecht\Workspace\workspacesManager\logs\log-2020-12-29T09-20-18 (conflicted 1).csv,log-2020-12-29T09-20-18 (conflicted 1).csv,2020-12-29T13:28:07,2021-05-29T23:14:28,.csv,C:\Users\GiladHecht\Workspace\workspacesManager\logs,0.05532686267122061,False,csv
C:\Users\GiladHecht\Workspace\workspacesManager\logs\log-2020-12-29T09-20-18 (conflicted).csv,log-2020-12-29T09-20-18 (conflicted).csv,2020-12-29T12:59:33,2021-05-29T23:14:28,.csv,C:\Users\GiladHecht\Workspace\workspacesManager\logs,0.05532686267122061,False,csv
C:\Users\GiladHecht\Workspace\workspacesManager\logs\log-2020-12-29T09-20-18 [conflicted].csv,log-2020-12-29T09-20-18 [conflicted].csv,2020-12-29T13:25:19,2021-05-29T23:14:28,.csv,C:\Users\GiladHecht\Workspace\workspacesManager\logs,0.05532686267122061,False,csv
C:\Users\GiladHecht\Workspace\workspacesManager\logs\log-2020-12-29T09-20-18.csv,log-2020-12-29T09-20-18.csv,2020-12-29T20:30:47,2021-05-29T23:14:28,.csv,C:\Users\GiladHecht\Workspace\workspacesManager\logs,0.05532686267122061,False,csv
C:\Users\GiladHecht\Workspace\workspacesManager\logs\log-2020-12-30T08-00-19.csv,log-2020-12-30T08-00-19.csv,2020-12-30T11:59:47,2021-05-29T23:14:28,.csv,C:\Users\GiladHecht\Workspace\workspacesManager\logs,0.05532686267122061,False,csv
C:\Users\GiladHecht\Workspace\workspacesManager\logs\log-2020-12-31T10-11-12.csv,log-2020-12-31T10-11-12.csv,2020-12-31T13:43:55,2021-05-29T23:14:28,.csv,C:\Users\GiladHecht\Workspace\workspacesManager\logs,0.05532686267122061,False,csv
C:\Users\GiladHecht\Workspace\workspacesManager\logs\log-2021-01-04T21-02-30.csv,log-2021-01-04T21-02-30.csv,2021-01-04T21:04:05,2021-05-29T23:14:28,.csv,C:\Users\GiladHecht\Workspace\workspacesManager\logs,0.05532686267122061,False,csv
C:\Users\GiladHecht\Workspace\workspacesManager\logs\log-2021-01-05T18-06-10 (conflicted 1).csv,log-2021-01-05T18-06-10 (conflicted 1).csv,2021-01-05T19:04:32,2021-05-29T23:14:28,.csv,C:\Users\GiladHecht\Workspace\workspacesManager\logs,0.05532686267122061,False,csv
C:\Users\GiladHecht\Workspace\workspacesManager\logs\log-2021-01-05T18-06-10 (conflicted 2).csv,log-2021-01-05T18-06-10 (conflicted 2).csv,2021-01-05T19:06:37,2021-05-29T23:14:28,.csv,C:\Users\GiladHecht\Workspace\workspacesManager\logs,0.05532686267122061,False,csv
C:\Users\GiladHecht\Workspace\workspacesManager\logs\log-2021-01-05T18-06-10 (conflicted 3).csv,log-2021-01-05T18-06-10 (conflicted 3).csv,2021-01-05T19:45:43,2021-05-29T23:14:28,.csv,C:\Users\GiladHecht\Workspace\workspacesManager\logs,0.05532686267122061,False,csv
C:\Users\GiladHecht\Workspace\workspacesManager\logs\log-2021-01-05T18-06-10 (conflicted 4).csv,log-2021-01-05T18-06-10 (conflicted 4).csv,2021-01-05T19:51:27,2021-05-29T23:14:28,.csv,C:\Users\GiladHecht\Workspace\workspacesManager\logs,0.05532686267122061,False,csv
C:\Users\GiladHecht\Workspace\workspacesManager\logs\log-2021-01-05T18-06-10 (conflicted).csv,log-2021-01-05T18-06-10 (conflicted).csv,2021-01-05T19:03:29,2021-05-29T23:14:28,.csv,C:\Users\GiladHecht\Workspace\workspacesManager\logs,0.05532686267122061,False,csv
C:\Users\GiladHecht\Workspace\workspacesManager\logs\log-2021-01-05T18-06-10.csv,log-2021-01-05T18-06-10.csv,2021-01-05T22:28:59,2021-05-29T23:14:28,.csv,C:\Users\GiladHecht\Workspace\workspacesManager\logs,0.05532686267122061,False,csv
C:\Users\GiladHecht\Workspace\workspacesManager\logs\log-2021-01-09T13-25-54.csv,log-2021-01-09T13-25-54.csv,2021-01-09T18:51:57,2021-05-29T23:14:28,.csv,C:\Users\GiladHecht\Workspace\workspacesManager\logs,0.05532686267122061,False,csv
C:\Users\GiladHecht\Workspace\workspacesManager\logs\log-2021-01-10T18-07-22.csv,log-2021-01-10T18-07-22.csv,2021-01-10T23:32:45,2021-05-29T23:14:28,.csv,C:\Users\GiladHecht\Workspace\workspacesManager\logs,0.05532686267122061,False,csv
C:\Users\GiladHecht\Workspace\workspacesManager\logs\log-2021-01-11T16-51-37.csv,log-2021-01-11T16-51-37.csv,2021-01-11T20:37:37,2021-05-29T23:14:28,.csv,C:\Users\GiladHecht\Workspace\workspacesManager\logs,0.05532686267122061,False,csv
C:\Users\GiladHecht\Workspace\workspacesManager\logs\log-2021-01-11T20-48-11.csv,log-2021-01-11T20-48-11.csv,2021-01-11T21:49:36,2021-05-29T23:14:28,.csv,C:\Users\GiladHecht\Workspace\workspacesManager\logs,0.05532686267122061,False,csv
C:\Users\GiladHecht\Workspace\workspacesManager\logs\log-2021-01-12T18-14-09.csv,log-2021-01-12T18-14-09.csv,2021-01-12T18:17:50,2021-05-29T23:14:28,.csv,C:\Users\GiladHecht\Workspace\workspacesManager\logs,0.05532686267122061,False,csv
C:\Users\GiladHecht\Workspace\workspacesManager\logs\log-2021-01-13T16-54-43.csv,log-2021-01-13T16-54-43.csv,2021-01-13T22:41:22,2021-05-29T23:14:28,.csv,C:\Users\GiladHecht\Workspace\workspacesManager\logs,0.05532686267122061,False,csv
C:\Users\GiladHecht\Workspace\workspacesManager\logs\log-2021-01-16T21-09-02.csv,log-2021-01-16T21-09-02.csv,2021-01-16T23:39:11,2021-05-29T23:14:28,.csv,C:\Users\GiladHecht\Workspace\workspacesManager\logs,0.05532686267122061,False,csv
C:\Users\GiladHecht\Workspace\workspacesManager\logs\log-2021-01-17T23-10-36.csv,log-2021-01-17T23-10-36.csv,2021-01-18T00:07:57,2021-05-29T23:14:28,.csv,C:\Users\GiladHecht\Workspace\workspacesManager\logs,0.05532686267122061,False,csv
C:\Users\GiladHecht\Workspace\workspacesManager\logs\log-2021-01-18T00-09-10.csv,log-2021-01-18T00-09-10.csv,2021-01-18T00:17:49,2021-05-29T23:14:28,.csv,C:\Users\GiladHecht\Workspace\workspacesManager\logs,0.05532686267122061,False,csv
C:\Users\GiladHecht\Workspace\workspacesManager\logs\log-2021-01-18T19-32-18.csv,log-2021-01-18T19-32-18.csv,2021-01-19T00:50:43,2021-05-29T23:14:28,.csv,C:\Users\GiladHecht\Workspace\workspacesManager\logs,0.05532686267122061,False,csv
C:\Users\GiladHecht\Workspace\workspacesManager\logs\log-2021-01-21T14-34-18.csv,log-2021-01-21T14-34-18.csv,2021-01-21T14:40:36,2021-05-29T23:14:28,.csv,C:\Users\GiladHecht\Workspace\workspacesManager\logs,0.05532686267122061,False,csv
C:\Users\GiladHecht\Workspace\workspacesManager\logs\log-2021-01-21T18-32-35.csv,log-2021-01-21T18-32-35.csv,2021-01-21T18:49:55,2021-05-29T23:14:28,.csv,C:\Users\GiladHecht\Workspace\workspacesManager\logs,0.05532686267122061,False,csv
C:\Users\GiladHecht\Workspace\workspacesManager\logs\log-2021-01-22T13-31-20.csv,log-2021-01-22T13-31-20.csv,2021-01-23T16:48:13,2021-05-29T23:14:28,.csv,C:\Users\GiladHecht\Workspace\workspacesManager\logs,0.05532686267122061,False,csv
C:\Users\GiladHecht\Workspace\workspacesManager\logs\log-2021-01-23T22-30-30.csv,log-2021-01-23T22-30-30.csv,2021-01-23T23:20:56,2021-05-29T23:14:28,.csv,C:\Users\GiladHecht\Workspace\workspacesManager\logs,0.05532686267122061,False,csv
C:\Users\GiladHecht\Workspace\workspacesManager\logs\log-2021-01-24T20-25-59 (conflicted).csv,log-2021-01-24T20-25-59 (conflicted).csv,2021-01-24T21:14:03,2021-05-29T23:14:28,.csv,C:\Users\GiladHecht\Workspace\workspacesManager\logs,0.05532686267122061,False,csv
C:\Users\GiladHecht\Workspace\workspacesManager\logs\log-2021-01-24T20-25-59.csv,log-2021-01-24T20-25-59.csv,2021-01-25T00:18:34,2021-05-29T23:14:28,.csv,C:\Users\GiladHecht\Workspace\workspacesManager\logs,0.05532686267122061,False,csv
C:\Users\GiladHecht\Workspace\workspacesManager\logs\log-2021-01-25T17-50-53 (conflicted).csv,log-2021-01-25T17-50-53 (conflicted).csv,2021-01-25T22:16:12,2021-05-29T23:14:28,.csv,C:\Users\GiladHecht\Workspace\workspacesManager\logs,0.05532686267122061,False,csv
C:\Users\GiladHecht\Workspace\workspacesManager\logs\log-2021-01-25T17-50-53.csv,log-2021-01-25T17-50-53.csv,2021-01-25T22:23:34,2021-05-29T23:14:28,.csv,C:\Users\GiladHecht\Workspace\workspacesManager\logs,0.05532686267122061,False,csv
C:\Users\GiladHecht\Workspace\workspacesManager\logs\log-2021-02-01T20-43-13.csv,log-2021-02-01T20-43-13.csv,2021-02-01T23:32:18,2021-05-29T23:14:28,.csv,C:\Users\GiladHecht\Workspace\workspacesManager\logs,0.05532686267122061,False,csv
C:\Users\GiladHecht\Workspace\workspacesManager\logs\log-2021-02-05T23-05-31.csv,log-2021-02-05T23-05-31.csv,2021-02-05T23:06:03,2021-05-29T23:14:28,.csv,C:\Users\GiladHecht\Workspace\workspacesManager\logs,0.05532686267122061,False,csv
C:\Users\GiladHecht\Workspace\workspacesManager\logs\log-2021-02-06T08-40-53.csv,log-2021-02-06T08-40-53.csv,2021-02-06T23:18:57,2021-05-29T23:14:28,.csv,C:\Users\GiladHecht\Workspace\workspacesManager\logs,0.05532686267122061,False,csv
C:\Users\GiladHecht\Workspace\workspacesManager\logs\log-2021-02-07T20-00-46.csv,log-2021-02-07T20-00-46.csv,2021-02-07T22:39:55,2021-05-29T23:14:28,.csv,C:\Users\GiladHecht\Workspace\workspacesManager\logs,0.05532686267122061,False,csv
C:\Users\GiladHecht\Workspace\workspacesManager\logs\log-2021-02-16T19-39-02.csv,log-2021-02-16T19-39-02.csv,2021-02-16T23:07:45,2021-05-29T23:14:28,.csv,C:\Users\GiladHecht\Workspace\workspacesManager\logs,0.05532686267122061,False,csv
C:\Users\GiladHecht\Workspace\workspacesManager\logs\log-2021-02-18T20-48-48.csv,log-2021-02-18T20-48-48.csv,2021-02-19T09:07:36,2021-05-29T23:14:28,.csv,C:\Users\GiladHecht\Workspace\workspacesManager\logs,0.05532686267122061,False,csv
C:\Users\GiladHecht\Workspace\workspacesManager\logs\log-2021-02-19T09-30-14.csv,log-2021-02-19T09-30-14.csv,2021-02-19T13:53:21,2021-05-29T23:14:28,.csv,C:\Users\GiladHecht\Workspace\workspacesManager\logs,0.05532686267122061,False,csv
C:\Users\GiladHecht\Workspace\workspacesManager\logs\log-2021-02-21T18-48-25.csv,log-2021-02-21T18-48-25.csv,2021-02-24T00:39:44,2021-05-29T23:14:28,.csv,C:\Users\GiladHecht\Workspace\workspacesManager\logs,0.05532686267122061,False,csv
C:\Users\GiladHecht\Workspace\workspacesManager\logs\log-2021-02-28T18-50-11.csv,log-2021-02-28T18-50-11.csv,2021-02-28T18:50:43,2021-05-29T23:14:28,.csv,C:\Users\GiladHecht\Workspace\workspacesManager\logs,0.05532686267122061,False,csv
C:\Users\GiladHecht\Workspace\workspacesManager\logs\log-2021-02-28T18-52-08.csv,log-2021-02-28T18-52-08.csv,2021-02-28T18:56:19,2021-05-29T23:14:28,.csv,C:\Users\GiladHecht\Workspace\workspacesManager\logs,0.05532686267122061,False,csv
C:\Users\GiladHecht\Workspace\workspacesManager\logs\log-2021-02-28T18-59-04.csv,log-2021-02-28T18-59-04.csv,2021-02-28T19:01:11,2021-05-29T23:14:28,.csv,C:\Users\GiladHecht\Workspace\workspacesManager\logs,0.05532686267122061,False,csv
C:\Users\GiladHecht\Workspace\workspacesManager\logs\log-2021-02-28T19-03-52.csv,log-2021-02-28T19-03-52.csv,2021-02-28T23:06:29,2021-05-29T23:14:28,.csv,C:\Users\GiladHecht\Workspace\workspacesManager\logs,0.05532686267122061,False,csv
C:\Users\GiladHecht\Workspace\workspacesManager\logs\log-2021-02-28T19-48-37 (conflicted).csv,log-2021-02-28T19-48-37 (conflicted).csv,2021-02-28T20:27:15,2021-05-29T23:14:28,.csv,C:\Users\GiladHecht\Workspace\workspacesManager\logs,0.05532686267122061,False,csv
C:\Users\GiladHecht\Workspace\workspacesManager\logs\log-2021-02-28T19-48-37.csv,log-2021-02-28T19-48-37.csv,2021-02-28T20:42:11,2021-05-29T23:14:28,.csv,C:\Users\GiladHecht\Workspace\workspacesManager\logs,0.05532686267122061,False,csv
C:\Users\GiladHecht\Workspace\workspacesManager\logs\log-2021-03-02T07-34-47.csv,log-2021-03-02T07-34-47.csv,2021-03-02T07:41:36,2021-05-29T23:14:28,.csv,C:\Users\GiladHecht\Workspace\workspacesManager\logs,0.05532686267122061,False,csv
C:\Users\GiladHecht\Workspace\workspacesManager\logs\log-2021-03-02T22-42-04.csv,log-2021-03-02T22-42-04.csv,2021-03-03T00:56:13,2021-05-29T23:14:28,.csv,C:\Users\GiladHecht\Workspace\workspacesManager\logs,0.05532686267122061,False,csv
C:\Users\GiladHecht\Workspace\workspacesManager\logs\log-2021-03-03T20-54-44.csv,log-2021-03-03T20-54-44.csv,2021-03-03T23:46:06,2021-05-29T23:14:28,.csv,C:\Users\GiladHecht\Workspace\workspacesManager\logs,0.05532686267122061,False,csv
C:\Users\GiladHecht\Workspace\workspacesManager\logs\log-2021-03-03T23-48-08.csv,log-2021-03-03T23-48-08.csv,2021-03-03T23:48:42,2021-05-29T23:14:28,.csv,C:\Users\GiladHecht\Workspace\workspacesManager\logs,0.05532686267122061,False,csv
C:\Users\GiladHecht\Workspace\workspacesManager\logs\log-2021-03-07T18-58-40 (conflicted).csv,log-2021-03-07T18-58-40 (conflicted).csv,2021-03-09T20:24:29,2021-05-29T23:14:28,.csv,C:\Users\GiladHecht\Workspace\workspacesManager\logs,0.05532686267122061,False,csv
C:\Users\GiladHecht\Workspace\workspacesManager\logs\log-2021-03-07T18-58-40.csv,log-2021-03-07T18-58-40.csv,2021-03-09T22:15:49,2021-05-29T23:14:28,.csv,C:\Users\GiladHecht\Workspace\workspacesManager\logs,0.05532686267122061,False,csv
C:\Users\GiladHecht\Workspace\workspacesManager\logs\log-2021-03-23T16-44-12.csv,log-2021-03-23T16-44-12.csv,2021-03-23T21:00:07,2021-05-29T23:14:28,.csv,C:\Users\GiladHecht\Workspace\workspacesManager\logs,0.05532686267122061,False,csv
C:\Users\GiladHecht\Workspace\workspacesManager\logs\log-2021-03-24T13-12-42.csv,log-2021-03-24T13-12-42.csv,2021-03-28T14:04:10,2021-05-29T23:14:28,.csv,C:\Users\GiladHecht\Workspace\workspacesManager\logs,0.05532686267122061,False,csv
C:\Users\GiladHecht\Workspace\workspacesManager\logs\log-2021-03-28T14-06-35.csv,log-2021-03-28T14-06-35.csv,2021-03-29T00:34:57,2021-05-29T23:14:28,.csv,C:\Users\GiladHecht\Workspace\workspacesManager\logs,0.05532686267122061,False,csv
C:\Users\GiladHecht\Workspace\workspacesManager\logs\log-2021-03-29T22-04-26.csv,log-2021-03-29T22-04-26.csv,2021-03-29T23:49:25,2021-05-29T23:14:29,.csv,C:\Users\GiladHecht\Workspace\workspacesManager\logs,0.05532686267122061,False,csv
C:\Users\GiladHecht\Workspace\workspacesManager\logs\log-2021-04-01T17-04-27.csv,log-2021-04-01T17-04-27.csv,2021-04-01T23:49:39,2021-05-29T23:14:29,.csv,C:\Users\GiladHecht\Workspace\workspacesManager\logs,0.05532686267122061,False,csv
C:\Users\GiladHecht\Workspace\workspacesManager\logs\log-2021-04-03T11-27-55 (conflicted).csv,log-2021-04-03T11-27-55 (conflicted).csv,2021-04-03T19:31:51,2021-05-29T23:14:29,.csv,C:\Users\GiladHecht\Workspace\workspacesManager\logs,0.05532686267122061,False,csv
C:\Users\GiladHecht\Workspace\workspacesManager\logs\log-2021-04-03T11-27-55.csv,log-2021-04-03T11-27-55.csv,2021-04-03T23:16:28,2021-05-29T23:14:29,.csv,C:\Users\GiladHecht\Workspace\workspacesManager\logs,0.05532686267122061,False,csv
C:\Users\GiladHecht\Workspace\workspacesManager\logs\log-2021-04-03T23-21-04.csv,log-2021-04-03T23-21-04.csv,2021-04-03T23:27:02,2021-05-29T23:14:29,.csv,C:\Users\GiladHecht\Workspace\workspacesManager\logs,0.05532686267122061,False,csv
C:\Users\GiladHecht\Workspace\workspacesManager\logs\log-2021-04-04T19-17-23.csv,log-2021-04-04T19-17-23.csv,2021-04-04T19:27:36,2021-05-29T23:14:29,.csv,C:\Users\GiladHecht\Workspace\workspacesManager\logs,0.05532686267122061,False,csv
C:\Users\GiladHecht\Workspace\workspacesManager\logs\log-2021-04-06T18-56-39.csv,log-2021-04-06T18-56-39.csv,2021-04-06T19:26:09,2021-05-29T23:14:29,.csv,C:\Users\GiladHecht\Workspace\workspacesManager\logs,0.05532686267122061,False,csv
C:\Users\GiladHecht\Workspace\workspacesManager\logs\log-2021-04-06T19-31-27.csv,log-2021-04-06T19-31-27.csv,2021-04-07T01:07:41,2021-05-29T23:14:29,.csv,C:\Users\GiladHecht\Workspace\workspacesManager\logs,0.05532686267122061,False,csv
C:\Users\GiladHecht\Workspace\workspacesManager\logs\log-2021-04-07T18-48-15.csv,log-2021-04-07T18-48-15.csv,2021-04-07T23:59:22,2021-05-29T23:14:29,.csv,C:\Users\GiladHecht\Workspace\workspacesManager\logs,0.05532686267122061,False,csv
C:\Users\GiladHecht\Workspace\workspacesManager\logs\log-2021-04-08T12-11-02.csv,log-2021-04-08T12-11-02.csv,2021-04-08T14:53:16,2021-05-29T23:14:29,.csv,C:\Users\GiladHecht\Workspace\workspacesManager\logs,0.05532686267122061,False,csv
C:\Users\GiladHecht\Workspace\workspacesManager\logs\log-2021-04-10T21-56-08.csv,log-2021-04-10T21-56-08.csv,2021-04-10T23:35:56,2021-05-29T23:14:29,.csv,C:\Users\GiladHecht\Workspace\workspacesManager\logs,0.05532686267122061,False,csv
C:\Users\GiladHecht\Workspace\workspacesManager\logs\log-2021-04-11T18-24-02.csv,log-2021-04-11T18-24-02.csv,2021-04-11T22:32:42,2021-05-29T23:14:29,.csv,C:\Users\GiladHecht\Workspace\workspacesManager\logs,0.05532686267122061,False,csv
C:\Users\GiladHecht\Workspace\workspacesManager\logs\log-2021-04-12T22-04-35.csv,log-2021-04-12T22-04-35.csv,2021-04-13T13:46:15,2021-05-29T23:14:29,.csv,C:\Users\GiladHecht\Workspace\workspacesManager\logs,0.05532686267122061,False,csv
C:\Users\GiladHecht\Workspace\workspacesManager\logs\log-2021-04-17T18-30-00.csv,log-2021-04-17T18-30-00.csv,2021-04-17T21:53:06,2021-05-29T23:14:29,.csv,C:\Users\GiladHecht\Workspace\workspacesManager\logs,0.05532686267122061,False,csv
C:\Users\GiladHecht\Workspace\workspacesManager\logs\log-2021-04-17T23-55-24.csv,log-2021-04-17T23-55-24.csv,2021-04-18T00:10:57,2021-05-29T23:14:29,.csv,C:\Users\GiladHecht\Workspace\workspacesManager\logs,0.05532686267122061,False,csv
C:\Users\GiladHecht\Workspace\workspacesManager\logs\log-2021-04-18T18-56-59.csv,log-2021-04-18T18-56-59.csv,2021-04-18T19:45:03,2021-05-29T23:14:29,.csv,C:\Users\GiladHecht\Workspace\workspacesManager\logs,0.05532686267122061,False,csv
C:\Users\GiladHecht\Workspace\workspacesManager\logs\log-2021-04-19T19-50-02.csv,log-2021-04-19T19-50-02.csv,2021-04-19T23:59:48,2021-05-29T23:14:29,.csv,C:\Users\GiladHecht\Workspace\workspacesManager\logs,0.05532686267122061,False,csv
C:\Users\GiladHecht\Workspace\workspacesManager\logs\log-2021-04-20T18-02-38 (conflicted).csv,log-2021-04-20T18-02-38 (conflicted).csv,2021-04-20T20:55:23,2021-05-29T23:14:29,.csv,C:\Users\GiladHecht\Workspace\workspacesManager\logs,0.05532686267122061,False,csv
C:\Users\GiladHecht\Workspace\workspacesManager\logs\log-2021-04-20T18-02-38.csv,log-2021-04-20T18-02-38.csv,2021-04-21T20:27:26,2021-05-29T23:14:29,.csv,C:\Users\GiladHecht\Workspace\workspacesManager\logs,0.05532686267122061,False,csv
C:\Users\GiladHecht\Workspace\workspacesManager\logs\log-2021-04-21T20-34-10.csv,log-2021-04-21T20-34-10.csv,2021-04-21T20:35:13,2021-05-29T23:14:29,.csv,C:\Users\GiladHecht\Workspace\workspacesManager\logs,0.05532686267122061,False,csv
C:\Users\GiladHecht\Workspace\workspacesManager\logs\log-2021-04-21T20-36-48.csv,log-2021-04-21T20-36-48.csv,2021-04-22T00:28:39,2021-05-29T23:14:29,.csv,C:\Users\GiladHecht\Workspace\workspacesManager\logs,0.05532686267122061,False,csv
C:\Users\GiladHecht\Workspace\workspacesManager\logs\log-2021-04-22T13-22-39.csv,log-2021-04-22T13-22-39.csv,2021-04-22T16:41:36,2021-05-29T23:14:29,.csv,C:\Users\GiladHecht\Workspace\workspacesManager\logs,0.05532686267122061,False,csv
C:\Users\GiladHecht\Workspace\workspacesManager\logs\log-2021-05-29T23-53-28.csv,log-2021-05-29T23-53-28.csv,2021-05-30T09:58:09,2021-05-30T09:58:09,.csv,C:\Users\GiladHecht\Workspace\workspacesManager\logs,0.05532686267122061,False,csv
C:\Users\GiladHecht\Workspace\workspacesManager\logs\log-2021-05-30T11-46-19.csv,log-2021-05-30T11-46-19.csv,2021-05-30T11:46:21,2021-05-30T11:46:21,.csv,C:\Users\GiladHecht\Workspace\workspacesManager\logs,0.05532686267122061,False,csv
C:\Users\GiladHecht\Workspace\workspacesManager\logs\log-2021-05-30T18-53-19.csv,log-2021-05-30T18-53-19.csv,2021-06-02T23:40:54,2021-06-03T15:42:52,.csv,C:\Users\GiladHecht\Workspace\workspacesManager\logs,0.05532686267122061,False,csv
C:\Users\GiladHecht\Workspace\workspacesManager\logs\log-2021-06-05T15-58-54.csv,log-2021-06-05T15-58-54.csv,2021-06-05T16:51:24,2021-06-05T16:51:24,.csv,C:\Users\GiladHecht\Workspace\workspacesManager\logs,0.05532686267122061,False,csv
C:\Users\GiladHecht\Workspace\workspacesManager\logs\log-2021-06-07T00-43-33.csv,log-2021-06-07T00-43-33.csv,2021-06-07T00:43:54,2021-06-07T00:43:54,.csv,C:\Users\GiladHecht\Workspace\workspacesManager\logs,0.05532686267122061,False,csv
C:\Users\GiladHecht\Workspace\workspacesManager\logs\log-2021-06-07T00-45-27.csv,log-2021-06-07T00-45-27.csv,2021-06-07T00:54:07,2021-06-07T00:54:07,.csv,C:\Users\GiladHecht\Workspace\workspacesManager\logs,0.05532686267122061,False,csv
C:\Users\GiladHecht\Workspace\workspacesManager\logs\log-2021-06-12T11-34-27.csv,log-2021-06-12T11-34-27.csv,2021-06-12T11:35:39,2021-06-12T11:35:39,.csv,C:\Users\GiladHecht\Workspace\workspacesManager\logs,0.05532686267122061,False,csv
C:\Users\GiladHecht\Workspace\workspacesManager\logs\log-2021-06-12T11-36-41.csv,log-2021-06-12T11-36-41.csv,2021-06-12T11:36:44,2021-06-12T11:36:44,.csv,C:\Users\GiladHecht\Workspace\workspacesManager\logs,0.05532686267122061,False,csv
C:\Users\GiladHecht\Workspace\workspacesManager\logs\log-2021-06-12T11-42-19.csv,log-2021-06-12T11-42-19.csv,2021-06-12T11:43:59,2021-06-12T11:43:59,.csv,C:\Users\GiladHecht\Workspace\workspacesManager\logs,0.05532686267122061,False,csv
C:\Users\GiladHecht\Workspace\workspacesManager\logs\log-2021-06-12T11-45-31.csv,log-2021-06-12T11-45-31.csv,2021-06-12T11:48:53,2021-06-12T11:48:53,.csv,C:\Users\GiladHecht\Workspace\workspacesManager\logs,0.05532686267122061,False,csv
C:\Users\GiladHecht\Workspace\workspacesManager\logs\log-2021-06-12T16-52-25.csv,log-2021-06-12T16-52-25.csv,2021-06-12T16:55:13,2021-06-12T16:55:13,.csv,C:\Users\GiladHecht\Workspace\workspacesManager\logs,0.05532686267122061,False,csv
C:\Users\GiladHecht\Workspace\workspacesManager\logs\log-2021-06-12T16-55-29.csv,log-2021-06-12T16-55-29.csv,2021-06-13T00:06:55,2021-06-14T08:08:15,.csv,C:\Users\GiladHecht\Workspace\workspacesManager\logs,0.05532686267122061,False,csv
C:\Users\GiladHecht\Workspace\workspacesManager\logs\log-2021-06-20T19-07-52.csv,log-2021-06-20T19-07-52.csv,2021-06-20T22:06:19,2021-06-20T22:06:19,.csv,C:\Users\GiladHecht\Workspace\workspacesManager\logs,0.05532686267122061,False,csv
C:\Users\GiladHecht\Workspace\workspacesManager\logs\log-2021-06-21T22-28-27.csv,log-2021-06-21T22-28-27.csv,2021-06-21T22:30:11,2021-06-21T22:30:11,.csv,C:\Users\GiladHecht\Workspace\workspacesManager\logs,0.05532686267122061,False,csv
C:\Users\GiladHecht\Workspace\workspacesManager\logs\log-2021-06-21T22-55-09.csv,log-2021-06-21T22-55-09.csv,2021-06-21T22:55:15,2021-06-21T22:55:15,.csv,C:\Users\GiladHecht\Workspace\workspacesManager\logs,0.05532686267122061,False,csv
C:\Users\GiladHecht\Workspace\workspacesManager\logs\log-2021-06-21T22-58-08.csv,log-2021-06-21T22-58-08.csv,2021-06-21T22:58:24,2021-06-21T22:58:24,.csv,C:\Users\GiladHecht\Workspace\workspacesManager\logs,0.05532686267122061,False,csv
C:\Users\GiladHecht\Workspace\workspacesManager\logs\log-2021-06-23T22-07-47.csv,log-2021-06-23T22-07-47.csv,2021-06-23T22:08:27,2021-06-23T22:18:47,.csv,C:\Users\GiladHecht\Workspace\workspacesManager\logs,0.05532686267122061,False,csv
C:\Users\GiladHecht\Workspace\workspacesManager\logs,logs,2021-07-17T23:24:44,2021-07-18T22:15:25,,C:\Users\GiladHecht\Workspace\workspacesManager\logs,220.8511438127884,True,dir
C:\Users\GiladHecht\Workspace\workspacesManager\src\manager.py,manager.py,2021-07-17T23:21:14,2021-07-18T22:25:34,.py,C:\Users\GiladHecht\Workspace\workspacesManager\src,36.110926796576095,True,py
C:\Users\GiladHecht\Workspace\workspacesManager\notes.txt,notes.txt,2021-07-18T00:16:52,2021-07-18T21:15:34,.txt,C:\Users\GiladHecht\Workspace\workspacesManager,8683357.976254797,True,txt
C:\Users\GiladHecht\Workspace\workspacesManager\.vscode\.ropeproject\objectdb,objectdb,2020-08-07T17:02:09,2021-05-29T23:14:28,,C:\Users\GiladHecht\Workspace\workspacesManager\.vscode\.ropeproject,0.05532686267122061,False,
oints C:\Users\GiladHecht\Workspace\workspacesManager\jupyter\.ipynb_checkpoints\openApps-checkpoint.ipynb,openApps-checkpoint.ipynb,2020-11-22T22:01:52,2021-05-29T23:14:28,.ipynb,C:\Users\GiladHecht\Workspace\workspacesManager\jupyter\.ipynb_checkp,0.05532686267122061,False,ipynb
C:\Users\GiladHecht\Workspace\workspacesManager\src\__pycache__\powershellClient.cpython-37.pyc,powershellClient.cpython-37.pyc,2020-08-07T17:08:54,2021-05-29T23:14:29,.pyc,C:\Users\GiladHecht\Workspace\workspacesManager\src\__pycache__,0.05532686267122061,False,pyc
C:\Users\GiladHecht\Workspace\workspacesManager\src\__pycache__\powershellClient.cpython-38.pyc,powershellClient.cpython-38.pyc,2021-06-20T18:54:29,2021-06-26T12:30:07,.pyc,C:\Users\GiladHecht\Workspace\workspacesManager\src\__pycache__,0.05532686267122061,False,pyc
C:\Users\GiladHecht\Workspace\workspacesManager\src\powershellClient.py,powershellClient.py,2021-06-26T17:50:34,2021-07-18T22:25:37,.py,C:\Users\GiladHecht\Workspace\workspacesManager\src,103.028688516427,True,py
C:\Users\GiladHecht\Workspace\workspacesManager\powershellScripts,powershellScripts,2021-06-12T11:24:43,2021-07-18T22:15:25,,C:\Users\GiladHecht\Workspace\workspacesManager\powershellScripts,355.6829756219339,True,dir
C:\Users\GiladHecht\Workspace\workspacesManager\src\project,project,2021-07-17T16:00:41,2021-07-18T22:15:25,,C:\Users\GiladHecht\Workspace\workspacesManager\src\project,113.33155736806941,True,dir
e__    C:\Users\GiladHecht\Workspace\workspacesManager\src\project\__pycache__\project.cpython-38.pyc,project.cpython-38.pyc,2021-06-26T12:30:07,2021-06-26T12:30:07,.pyc,C:\Users\GiladHecht\Workspace\workspacesManager\src\project\__pycach,0.05532686267122061,False,pyc
C:\Users\GiladHecht\Workspace\workspacesManager\src\project\project.py,project.py,2021-06-26T12:30:05,2021-06-26T12:30:05,.py,C:\Users\GiladHecht\Workspace\workspacesManager\src\project,0.05532686267122061,False,py
e__    C:\Users\GiladHecht\Workspace\workspacesManager\src\project\__pycache__\projectsHandler.cpython-38.pyc,projectsHandler.cpython-38.pyc,2021-06-26T13:21:45,2021-06-26T13:21:45,.pyc,C:\Users\GiladHecht\Workspace\workspacesManager\src\project\__pycach,0.05532686267122061,False,pyc
C:\Users\GiladHecht\Workspace\workspacesManager\src\project\projectsHandler.py,projectsHandler.py,2021-06-26T13:21:40,2021-06-26T13:21:40,.py,C:\Users\GiladHecht\Workspace\workspacesManager\src\project,0.05532686267122061,False,py
C:\Users\GiladHecht\Workspace\workspacesManager\run.bat,run.bat,2021-06-12T11:24:43,2021-06-26T13:02:30,.bat,C:\Users\GiladHecht\Workspace\workspacesManager,0.05532686267122061,False,bat
C:\Users\GiladHecht\Workspace\workspacesManager\.vscode\settings.json,settings.json,2021-06-12T11:33:39,2021-07-18T23:03:26,.json,C:\Users\GiladHecht\Workspace\workspacesManager\.vscode,24.664248887764646,True,json
C:\Users\GiladHecht\Workspace\workspacesManager\src,src,2021-07-17T16:00:41,2021-07-18T22:15:25,,C:\Users\GiladHecht\Workspace\workspacesManager\src,113.33155736806941,True,dir
C:\Users\GiladHecht\Workspace\workspacesManager\src\ui,ui,2021-07-18T00:16:52,2021-07-18T22:15:25,,C:\Users\GiladHecht\Workspace\workspacesManager\src\ui,220.8511438127884,True,dir
C:\Users\GiladHecht\Workspace\workspacesManager\src\__pycache__\unknownOSWarning.cpython-38.pyc,unknownOSWarning.cpython-38.pyc,2021-06-12T12:09:34,2021-06-23T22:07:44,.pyc,C:\Users\GiladHecht\Workspace\workspacesManager\src\__pycache__,0.05532686267122061,False,pyc
C:\Users\GiladHecht\Workspace\workspacesManager\src\unknownOSWarning.py,unknownOSWarning.py,2021-06-26T15:04:59,2021-07-17T23:32:25,.py,C:\Users\GiladHecht\Workspace\workspacesManager\src,0.23111403581286766,True,py
C:\Users\GiladHecht\Workspace\workspacesManager\.ipynb_checkpoints\untitled-checkpoint.md,untitled-checkpoint.md,2020-10-20T20:06:24,2021-05-29T23:14:28,.md,C:\Users\GiladHecht\Workspace\workspacesManager\.ipynb_checkpoints,0.05532686267122061,False,md
